<?xml version="1.0" encoding="UTF-8"?>
<project-private xmlns="http://www.netbeans.org/ns/project-private/1">
    <editor-bookmarks xmlns="http://www.netbeans.org/ns/editor-bookmarks/2" lastBookmarkId="0"/>
    <open-files xmlns="http://www.netbeans.org/ns/projectui-open-files/2">
        <group>
            <file>file:/D:/TUGAS!/Tugas_jurusan/SEM%204/Prak%20PBO/PerpustakaanUmumYogyakarta/src/DAOdatabuku/DataBukuDAO.java</file>
            <file>file:/D:/TUGAS!/Tugas_jurusan/SEM%204/Prak%20PBO/PerpustakaanUmumYogyakarta/src/view/PerpustakaanUmumYogyakarta.java</file>
            <file>file:/D:/TUGAS!/Tugas_jurusan/SEM%204/Prak%20PBO/PerpustakaanUmumYogyakarta/src/model/DataBuku.java</file>
            <file>file:/D:/TUGAS!/Tugas_jurusan/SEM%204/Prak%20PBO/PerpustakaanUmumYogyakarta/src/view/MainView.java</file>
            <file>file:/D:/TUGAS!/Tugas_jurusan/SEM%204/Prak%20PBO/PerpustakaanUmumYogyakarta/src/controller/DataBukuController.java</file>
            <file>file:/D:/TUGAS!/Tugas_jurusan/SEM%204/Prak%20PBO/PerpustakaanUmumYogyakarta/src/model/ModelTabelDataBuku.java</file>
            <file>file:/D:/TUGAS!/Tugas_jurusan/SEM%204/Prak%20PBO/PerpustakaanUmumYogyakarta/src/DAOImplement/DataBukuImplement.java</file>
            <file>file:/D:/TUGAS!/Tugas_jurusan/SEM%204/Prak%20PBO/PerpustakaanUmumYogyakarta/src/koneksi/Connector.java</file>
        </group>
    </open-files>
</project-private>
